ID,Detail,Difficulty,Vocab,Tags,index,original_input,original_output,translated_input,translated_output,fail_reason,harsh_fail_reason
1066,3,3,2,"Dáng người, Kiến thức cơ bản, Phong cách",1065,How do I pick the right silhouettes and proportions for a tall and slender figure while keeping a sustainable mindset?,"Begin by playing to your strengths. A tall, slender frame can carry a variety of silhouettes, from wide-leg trousers that create elegant movement to midi or maxi dresses that highlight your height. Balance is crucial, so consider proportion by pairing voluminous pieces with more fitted ones—for instance, wear a flowy blouse over tapered pants, or a structured blazer with a relaxed, wide-leg trouser. This visual harmony ensures your clothes work with your natural shape, rather than overwhelming it. When shopping sustainably, focus on classic silhouettes and quality fabrics such as organic cotton, linen, or responsibly sourced wool. Longline blazers, tailored jumpsuits, and timeless midi skirts in neutral colors can be key investment pieces that remain relevant for years. If you’re seeking occasional statement items—like a bold pattern or unique cut—source them from secondhand or vintage shops to minimize environmental impact. Thrifting also offers a chance to discover one-of-a-kind finds that flatter your height without resorting to fast-fashion impulses. Overall, a conscious and adaptable approach to fit is essential. Even a perfect silhouette might need slight tailoring to accommodate extra length in sleeves or pants. Pay attention to garment construction: well-made clothes with robust seams and quality buttons will endure repeated wear. By carefully selecting silhouettes that accentuate your tall frame, prioritizing durable and sustainable fabrics, and ensuring the right fit through alterations, you’ll build a long-lasting wardrobe that honors both your body and the planet.",Làm thế nào để chọn phom dáng và tỷ lệ phù hợp cho người cao và mảnh khảnh trong khi vẫn giữ tư duy bền vững?,"Hãy bắt đầu bằng cách phát huy thế mạnh của bạn. Một thân hình cao, mảnh khảnh có thể diện rất đẹp nhiều phom dáng khác nhau, từ quần ống rộng tạo độ rủ thanh lịch đến váy midi hoặc maxi giúp tôn lên chiều cao. Yếu tố cân bằng đóng vai trò rất quan trọng, vì vậy bạn nên chú ý đến tỷ lệ bằng cách kết hợp đồ form rộng với trang phục ôm sát hơn. Ví dụ, hãy mặc một chiếc áo voan bồng bềnh cùng quần ống côn, hoặc khoác áo blazer cứng cáp bên ngoài quần ống rộng thoải mái. Sự hài hòa về mặt thị giác này sẽ đảm bảo trang phục làm nổi bật dáng vóc tự nhiên của bạn thay vì 'nuốt chửng' nó.
Khi mua sắm theo hướng bền vững, hãy ưu tiên các phom dáng cổ điển và chất liệu cao cấp như cotton hữu cơ, linen hoặc len có nguồn gốc minh bạch. Áo blazer dáng dài, jumpsuit may đo tinh xảo và váy midi trung tính không bao giờ lỗi mốt chính là những khoản đầu tư xứng đáng, giúp bạn mặc đẹp suốt nhiều năm. Nếu thỉnh thoảng bạn muốn tìm những món đồ nổi bật (như họa tiết táo bạo hay đường cắt độc đáo), hãy thử ghé các cửa hàng đồ cũ hoặc đồ vintage để giảm thiểu tác động đến môi trường. Mua đồ secondhand cũng mang đến cơ hội tuyệt vời để săn những món đồ độc lạ tôn dáng mà không cần phải thỏa hiệp với thời trang nhanh.
Cách tiếp cận linh hoạt và có ý thức đối với sự vừa vặn là điều cốt lõi. Ngay cả một món đồ có phom dáng hoàn hảo cũng đôi khi cần được chỉnh sửa đôi chút cho vừa vặn với chiều dài tay hay chân của bạn. Hãy chú ý đến cấu trúc của trang phục: những bộ quần áo được may đo cẩn thận với đường may chắc chắn và khuy cài chất lượng sẽ đồng hành cùng bạn rất lâu. Bằng cách lựa chọn phom dáng khéo léo để tôn lên vóc dáng cao ráo, ưu tiên chất liệu bền vững và chịu khó chỉnh sửa cho thật vừa vặn, bạn sẽ xây dựng được một tủ đồ bền bỉ, vừa tôn vinh cơ thể vừa thân thiện với Trái đất.",,"AI Cliche Detected: (?i)nhìn chung,"
1194,3,2,3,Kiến thức cơ bản,1193,I’m concerned about the ethics of animal-derived materials like wool and leather. Are there sustainable or cruelty-free alternatives that still offer durability and style?,"Yes, there are several sustainable and cruelty-free options available that cater to concerns about animal welfare while still providing durability and style. For starters, look into plant-based materials like organic cotton, linen, and hemp. These fabrics have been used for centuries, thanks to their natural breathability and resilience. While they may not mimic the exact properties of wool, high-quality weaves and blends can offer warmth, structure, and longevity, particularly if you layer or look for thicker, tighter weaves. For outerwear or shoes where leather is traditionally used, consider innovative alternatives made from materials like cork, pineapple leaf fiber (Piñatex), mushroom leather, or apple leather. These bio-based alternatives often have similar textures to leather but leave a smaller environmental footprint and, of course, involve no animal harm. Similarly, recycled synthetics can replicate some characteristics of wool or leather, though you’ll want to verify that the production methods are also eco-friendly. When choosing these cruelty-free textiles, check for reputable certifications or clear manufacturing information. Labels like GOTS (Global Organic Textile Standard) or organizations like the Fair Wear Foundation can indicate that both social and environmental standards are being met. Also, read up on how these materials should be cared for—some may require more gentle handling to extend their lifespan. Overall, adopting cruelty-free fashion can be a gratifying journey. Whether you’re exploring organic cotton denim, vegan leather boots, or hemp-blend sweaters, careful research and mindful shopping will help you discover alternatives that align with your values without sacrificing durability, style, or timeless versatility.",Tôi lo ngại về vấn đề đạo đức liên quan đến các vật liệu có nguồn gốc từ động vật như lông cừu và da. Có những lựa chọn thay thế bền vững và không gây đau khổ cho động vật nào mà vẫn đảm bảo độ bền và phong cách không?,"Hiện nay có rất nhiều lựa chọn bền vững và không gây hại cho động vật, vừa đáp ứng được tiêu chuẩn về phúc lợi động vật lại vừa đảm bảo độ bền và tính thời trang.
Để bắt đầu, bạn có thể tìm hiểu các chất liệu có nguồn gốc thực vật như cotton hữu cơ, vải lanh (linen) và vải gai dầu (hemp). Những chất liệu này đã được sử dụng từ hàng thế kỷ trước nhờ độ thoáng khí tự nhiên và sự bền bỉ. Mặc dù chúng có thể không giữ ấm y hệt như len, nhưng nếu được dệt với mật độ cao và pha trộn chất lượng, chúng vẫn có thể mang lại sự ấm áp, giữ form tốt và dùng được rất lâu, đặc biệt là khi bạn áp dụng phong cách phối đồ nhiều lớp (layering).
Đối với áo khoác ngoài hoặc giày dép – những món đồ thường dùng da thật – hãy cân nhắc các vật liệu thay thế sáng tạo như da bần (cork), sợi lá dứa (Piñatex), da nấm hoặc da táo. Các vật liệu sinh học này thường có bề mặt và kết cấu tương tự da thật nhưng để lại lượng phát thải môi trường thấp hơn hẳn và dĩ nhiên là hoàn toàn không làm hại đến động vật. Tương tự, các vật liệu tổng hợp tái chế cũng có thể mô phỏng một số đặc tính của len hoặc da, dù vậy bạn vẫn nên kiểm tra kỹ xem quy trình sản xuất của chúng có thực sự thân thiện với môi trường hay không.
Khi lựa chọn những loại vải nhân đạo này, hãy chú ý đến các chứng nhận uy tín hoặc thông tin sản xuất minh bạch. Các nhãn mác như GOTS (Tiêu chuẩn Dệt may Hữu cơ Toàn cầu) hoặc các tổ chức như Fair Wear Foundation là minh chứng cho việc sản phẩm đáp ứng cả tiêu chuẩn về xã hội lẫn môi trường. Ngoài ra, hãy tìm hiểu cách bảo quản chúng; một số chất liệu sẽ cần được giặt giũ nhẹ nhàng hơn để kéo dài tuổi thọ.
Theo đuổi thời trang nhân đạo là một hành trình rất ý nghĩa. Dù bạn đang trải nghiệm quần jeans làm từ cotton hữu cơ, một đôi boots da thuần chay hay chiếc áo len pha sợi gai dầu, thì việc nghiên cứu kỹ lưỡng và mua sắm có ý thức sẽ giúp bạn tìm ra những lựa chọn vừa phù hợp với giá trị sống của bản thân, vừa không phải đánh đổi độ bền, phong cách hay tính linh hoạt vượt thời gian.",,"AI Cliche Detected: (?i)nhìn chung,"
1252,3,2,2,"Dáng người, Kiến thức cơ bản",1251,How do I choose colors that complement my skin tone and body shape without overwhelming my wardrobe with too many pieces?,"A carefully chosen color palette can make dressing easier and more cohesive, regardless of body shape or personal style. Start by examining your natural coloring—skin tone, eye color, and hair color—to identify shades that flatter you most. Warm undertones typically pair well with earthy hues like rich browns, olive greens, and warm taupes, while cool undertones shine alongside jewel tones such as sapphire blue, emerald green, and berry hues. Neutral shades—black, white, gray, beige, and navy—often suit many complexions and serve as versatile base colors in any wardrobe. When it comes to body shape, color can strategically accentuate or minimize different areas. Darker tones generally downplay volume, so wearing them on areas you prefer to draw less attention to might be helpful. In contrast, brighter or lighter colors highlight and create focal points. For example, if you have a pear shape, consider pairing a brighter top with darker bottoms to balance proportions. If your goal is to elongate your silhouette, monochromatic dressing in tonal variations can create a streamlined look. Experiment with layering by adding a splash of color through accessories—a vibrant scarf or statement belt—while keeping the main clothing items more muted. Confining your color range is key to avoiding closet overload. Choose around two to three main neutrals and two or three accent colors. This limited selection allows you to mix and match pieces easily. For instance, if you pick white, navy, and gray as your core neutrals, you can pair them with accents like mustard yellow and teal for an interesting pop. Every new item you buy should work with at least two or three existing pieces, ensuring maximum flexibility. Ultimately, curating a cohesive color palette is about self-expression and practicality in equal measure. Don’t be afraid to test various combinations, whether through layering or subtle accessories, and see what makes you feel your best. By centering on your undertone, using color strategically to balance your shape, and restricting your palette to a manageable set of harmonious hues, you’ll create a sustainable, capsule-like collection that remains stylish and easy to coordinate.",Làm thế nào để chọn màu sắc phù hợp với tông da và dáng người của mình mà không làm cho tủ quần áo trở nên quá nhiều món đồ?,"Một bảng màu được lựa chọn khéo léo sẽ giúp việc phối đồ trở nên dễ dàng và gắn kết hơn rất nhiều, bất kể bạn sở hữu vóc dáng hay phong cách cá nhân nào.
Hãy bắt đầu bằng cách quan sát sắc tố tự nhiên của bạn – bao gồm màu da, màu mắt và màu tóc – để tìm ra những tone màu tôn dáng nhất. Tông da ấm thường cực kỳ ăn ý với các màu hệ đất như nâu đậm, xanh olive và nâu xám ấm. Trong khi đó, tông da lạnh sẽ tỏa sáng khi đi cùng các gam màu ngọc quý như xanh sapphire, xanh ngọc lục bảo và các sắc đỏ berry. Các màu trung tính như đen, trắng, xám, be và xanh navy thì lại vô cùng dễ tính, phù hợp với hầu hết mọi nước da và đóng vai trò làm màu nền hoàn hảo cho bất kỳ tủ đồ nào.
Xét về vóc dáng, màu sắc có khả năng tôn lên hoặc che đi các vùng cơ thể một cách đầy tính chiến lược. Các gam màu tối thường tạo hiệu ứng thu gọn, nên việc diện đồ tối màu ở những điểm bạn không muốn thu hút sự chú ý sẽ là một mẹo rất hay. Ngược lại, những màu sắc tươi sáng sẽ bắt sáng và tạo điểm nhấn. Ví dụ, nếu bạn có vóc dáng quả lê, hãy thử phối một chiếc áo sáng màu cùng quần/váy tối màu để cân bằng lại tỷ lệ cơ thể. Nếu bạn muốn trông cao ráo và thanh mảnh hơn, phong cách phối đồ monochrome (đơn sắc) với các sắc độ đậm nhạt khác nhau sẽ tạo ra một tổng thể xuyên suốt từ trên xuống dưới. Bạn cũng có thể thử sức với phong cách layering (phối lớp) bằng cách tạo điểm nhấn màu sắc qua phụ kiện – chẳng hạn như một chiếc khăn quàng sặc sỡ hay chiếc thắt lưng bản to – trong khi vẫn giữ các món đồ chính ở tone màu nhã nhặn.
Việc giới hạn dải màu là bí quyết để tủ quần áo của bạn không bị quá tải. Hãy chọn ra khoảng hai đến ba màu trung tính chủ đạo, kèm theo hai hoặc ba màu nhấn. Sự tinh gọn này cho phép bạn mix & match các món đồ với nhau cực kỳ dễ dàng. Ví dụ, nếu bạn chốt màu trắng, xanh navy và xám làm màu cốt lõi, bạn hoàn toàn có thể điểm xuyết thêm màu vàng mù tạt hoặc xanh mòng két để set đồ thêm phần thú vị. Mỗi món đồ mới bạn rinh về nên phối được với ít nhất hai hoặc ba món đồ sẵn có; điều này sẽ đảm bảo tính linh hoạt tối đa.
Việc xây dựng một bảng màu gắn kết thực chất là sự cân bằng hoàn hảo giữa dấu ấn cá nhân và tính ứng dụng. Đừng ngại thử nghiệm các cách kết hợp mới lạ, dù là qua cách phối lớp hay nhấn nhá phụ kiện, để xem điều gì làm bạn cảm thấy tự tin nhất. Bằng cách lấy sắc tố da làm hệ quy chiếu, dùng màu sắc như một vũ khí để cân đối vóc dáng, và giữ bảng màu gọn trong một nhóm các gam màu hài hòa, bạn sẽ tạo dựng được một tủ đồ bền vững, dễ phối và không bao giờ lỗi mốt.",,"AI Cliche Detected: (?i)tóm lại,"
3633,3,2,2,"Kiến thức cơ bản, Phong cách",3632,I enjoy wearing boots year-round. Which boot styles best fit a timeless fashion approach?,"Chelsea boots and simple ankle boots with a moderate heel height consistently stand the test of time. Look for leather or suede in classic colors like black or brown for maximum versatility. Minimalistic designs—without excessive buckles, zippers, or ornaments—blend seamlessly with different outfits. If you need a taller option, knee-high riding boots are also a perennial choice, especially in cooler weather. Ensure the boot has a durable sole (rubber or leather) and proper reinforcement at stress points. A slightly pointed or almond toe shape remains classic, while extreme shapes can feel trend-driven. By choosing a polished, moderate silhouette, your boots will prove adaptable across seasons and contexts.",Tôi thích đi boots quanh năm. Những kiểu boots nào phù hợp nhất với phong cách thời trang cổ điển?,"Những đôi boots Chelsea và boots cổ ngắn (ankle boots) đơn giản với phần gót cao vừa phải là những thiết kế luôn giữ được sức hút vượt thời gian. Hãy ưu tiên chất liệu da thật hoặc da lộn (suede) với các gam màu kinh điển như đen hoặc nâu để dễ dàng phối với nhiều trang phục nhất. Các thiết kế tối giản – không lạm dụng khóa cài, dây kéo hay chi tiết trang trí rườm rà – sẽ hòa hợp vô cùng tự nhiên với mọi set đồ của bạn.
Nếu bạn cần một lựa chọn cao cổ hơn, boots cưỡi ngựa cao ngang gối (knee-high riding boots) cũng là một items mang đậm chất cổ điển, đặc biệt phù hợp trong thời tiết se lạnh. Hãy lưu ý chọn những đôi boots có phần đế thật chắc chắn (bằng cao su hoặc da) và được gia cố kỹ ở các điểm chịu lực. Mũi giày dáng hơi nhọn hoặc dáng quả hạnh nhân (almond toe) luôn mang đến cảm giác thanh lịch truyền thống, trong khi những phom dáng quá phá cách thường chỉ mang tính xu hướng nhất thời. Bằng cách chọn một đôi boots có phom dáng thanh thoát, cao vừa phải, bạn sẽ sở hữu một món phụ kiện đa năng, dễ dàng ứng dụng qua nhiều mùa và nhiều hoàn cảnh khác nhau.",,Repetition of question in answer
7785,3,3,2,"Mua sắm & Quản lý tủ đồ, Bảo quản & Thời trang bền vững",7784,"I’ve considered renting clothes for events. Is clothing rental a genuinely sustainable option, or does shipping and dry cleaning offset the benefits?","Clothing rental can reduce production waste by reusing pieces multiple times, particularly for items rarely worn. However, consider the transportation footprint—opt for services with local pickup or consolidated shipping whenever possible. Look into dry cleaning practices; some rental companies use eco-friendly solvents. Prioritize renting items that are genuinely needed for a special occasion rather than impulse-based. If you’ll wear something often, purchasing a sustainably made piece might be more efficient long-term. Ultimately, rental can be a strong sustainable alternative for infrequent needs, but weigh shipping distance and cleaning methods to ensure a net environmental benefit.","Tôi đã cân nhắc việc thuê quần áo cho các sự kiện. Việc thuê quần áo có thực sự là một lựa chọn bền vững, hay việc vận chuyển và giặt là lại làm mất đi lợi ích đó?","Thuê trang phục là một cách tuyệt vời để giảm thiểu rác thải sản xuất bằng cách xoay vòng vòng đời của một món đồ, đặc biệt là với những bộ cánh mà bạn chỉ mặc một, hai lần. Tuy nhiên, bạn cũng cần cân nhắc đến lượng khí thải carbon phát sinh trong quá trình vận chuyển. Để tối ưu hóa, hãy ưu tiên các dịch vụ cho thuê có điểm trả đồ gần nhà hoặc có chính sách giao nhận hàng loạt.
Bên cạnh đó, hãy tìm hiểu về quy trình giặt khô của họ; hiện nay đã có một số công ty cho thuê sử dụng dung môi làm sạch thân thiện với môi trường. Quan trọng nhất, hãy chỉ thuê trang phục khi bạn thực sự cần cho một sự kiện đặc biệt, thay vì thuê chỉ vì sở thích bốc đồng. Đối với những món đồ mà bạn xác định sẽ mặc thường xuyên, việc đầu tư mua hẳn một sản phẩm mang tính bền vững sẽ mang lại hiệu quả cao hơn về lâu dài.
Hoạt động thuê quần áo là một giải pháp bảo vệ môi trường rất hiệu quả đối với những nhu cầu mặc đồ ít thường xuyên. Thế nhưng, bạn vẫn nên cân đo đong đếm giữa quãng đường vận chuyển và các phương pháp làm sạch đi kèm để đảm bảo rằng mình đang thực sự mang lại giá trị tích cực cho môi trường.",,"AI Cliche Detected: (?i)tóm lại,"
